KAB_KOTA,KOMPOSIT,NCPR,KEMISKINAN(%),PENGELUARAN_PANGAN(%),TANPA_LISTRIK(%),TANPA_AIR_BERSIH(%),Lama_Sekolah_Perempuan_(tahun),Rasio_Tenaga_Kesehatan,Angka_Harapan_Hidup_(tahun),Stunting_(%),IKP,IKP_Ranking,INDIKATOR
ACEH BARAT,5,0.68,19.31,40.58,1.45,29.88,9.32,2.75,67.72,32.63,74.9,219,Agak Rentan
ACEH BARAT DAYA,5,0.35,17.1,57.39,1.96,55.03,8.59,2.55,64.65,35.41,70.53,276,Rentan
ACEH BESAR,6,0.48,14.47,36.78,1.03,11.35,9.82,1.72,69.59,38.72,81.67,73,Sangat Tahan
ACEH JAYA,6,0.49,14.16,50.78,1.36,24.51,8.6,8.45,66.88,34,76.79,181,Agak Rentan
ACEH SELATAN,5,0.69,14.01,55.21,0.75,50.19,8.5,5.64,64.02,35.93,70.06,282,Rentan
ACEH SINGKIL,2,5,21.25,31.52,0.29,46.02,8.33,2.93,67.16,26.94,45.88,385,Sangat Rentan
ACEH TAMIANG,6,1.01,14.21,29.25,0.33,22.92,8.92,2.51,69.28,33.42,77.2,170,Agak Rentan
ACEH TENGAH,5,0.88,15.58,35.06,0.16,39.5,9.77,3.82,68.62,39.8,74.05,232,Agak Rentan
ACEH TENGGARA,5,0.41,14.29,50.21,0.86,37.51,9.18,4.84,67.77,45.3,75.28,208,Agak Rentan
ACEH TIMUR,5,0.42,14.49,43.55,0.68,41.64,8.18,3.2,68.44,42.8,75.08,215,Agak Rentan
ACEH UTARA,5,0.31,18.27,57.97,0,45.94,8.39,1.54,68.61,32.53,73.77,234,Agak Rentan
AGAM,6,0.38,6.76,36.56,1.25,36.07,8.97,2.86,71.83,30.04,82.49,56,Sangat Tahan
ALOR,4,0.96,21.63,62.3,24.37,40.82,7.82,2.61,60.8,45.51,62.3,331,Sangat Rentan
ASAHAN,5,2.13,10.25,31.48,0.29,18.22,8.71,2.65,67.79,24.87,72.29,252,Rentan
ASMAT,1,5,27.41,39.74,20.18,96.57,4.08,75.63,56.88,32.6,22.85,408,Sangat Rentan
BADUNG,6,1.12,1.98,6.62,0,5.44,9.62,0.17,74.71,25.24,89.01,3,Sangat Tahan
BALANGAN,6,0.82,5.59,31.62,1.15,28.65,7.02,2.4,67.37,36.22,78.27,146,Tahan
BANDUNG,6,1.83,6.65,30.64,0,18.54,8.6,0.61,73.26,35.21,77.05,175,Agak Rentan
BANDUNG BARAT,5,1.41,10.06,33.78,0,31.47,8.03,0.81,72.03,36.69,75.14,212,Agak Rentan
BANGGAI,6,0.38,9.12,16.57,2.53,22.82,8.18,5.42,70.32,31.9,83.75,33,Sangat Tahan
BANGGAI KEPULAUAN,3,3.25,15.65,34.26,9.96,28.75,8.27,4.47,65.12,40.48,58.17,351,Sangat Rentan
BANGGAI LAUT,2,5,16.32,34.82,9.42,13.2,8.85,0.93,64.21,34.15,50.24,376,Sangat Rentan
BANGKA,5,3.12,5.47,14.79,0.3,20.15,8.38,0.26,70.73,23.91,70.29,280,Rentan
BANGKA BARAT,4,4.24,3.05,14.53,1.22,23.93,7.58,0.5,69.73,33.27,62.07,332,Sangat Rentan
BANGKA SELATAN,4,3.15,3.7,26.21,0,25.46,6.81,0.84,67.47,26.92,66.52,320,Rentan
BANGKA TENGAH,3,5,5.81,18.93,0.35,20.47,7.28,0.45,70.78,26.09,57.6,353,Sangat Rentan
BANGKALAN,5,0.59,19.59,53.76,0.56,40.25,5.64,0.45,69.94,41.87,71.12,268,Rentan
BANGLI,5,1.84,4.89,20.02,0.93,18.66,6.98,0.38,70.05,43.14,75.49,204,Agak Rentan
BANJAR,6,0.54,2.7,23.48,0.44,40.23,7.05,2.38,66.66,33.45,79.85,115,Tahan
BANJARNEGARA,6,0.88,15.46,31.95,0.15,38.97,6.46,0.65,73.91,24.08,76.43,191,Agak Rentan
BANTAENG,6,0.19,9.23,19.78,0.71,14.33,7.12,0.77,70.11,21.03,86.53,6,Sangat Tahan
BANTUL,6,1.44,13.43,15.53,0.17,23.56,9.36,0.2,73.66,22.89,79,129,Tahan
BANYUASIN,6,0.16,11.32,23.73,1.97,55.51,7.37,7.21,68.55,29.3,77.71,159,Tahan
BANYUMAS,6,0.89,13.5,25.41,0,26.71,7.54,0.29,73.45,32.02,79.27,124,Tahan
BANYUWANGI,6,0.49,7.8,30.25,0.13,26.76,6.75,1.91,70.34,32.01,81.46,79,Tahan
BARITO KUALA,6,0.21,4.56,31.36,0.99,42.8,7.6,3.16,65.59,34.12,79.87,114,Tahan
BARITO SELATAN,5,2.12,4.55,30.52,2.48,42.11,8.54,11.78,66.89,40.19,68.46,302,Rentan
BARITO TIMUR,6,0.92,6.56,21.27,4.87,42.44,8.77,7.33,68.06,42.06,76.23,196,Agak Rentan
BARITO UTARA,6,0.67,5,24,4.53,25.21,8.51,14.91,71.28,34.58,82.31,61,Sangat Tahan
BARRU,6,0.21,9.04,12.95,3.7,22.87,8.02,0.93,68.6,34.09,84.22,26,Sangat Tahan
BATANG,6,0.71,8.69,34.45,0,19.38,6.86,0.61,74.56,25.28,83.16,44,Sangat Tahan
BATANGHARI,5,0.93,10.23,35.11,1.93,46.89,8.06,4.92,70.26,32.76,74.77,223,Agak Rentan
BATU BARA,5,1.08,12.57,42.72,0.41,25.83,8.04,1.51,66.38,23.72,74.94,216,Agak Rentan
BEKASI,6,1.17,4.37,21.07,0.15,9.73,9.01,0.36,73.43,26.37,85.01,17,Sangat Tahan
BELITUNG,3,5,7.56,10.7,0.37,16.3,8.24,0.39,70.64,19.9,59.22,347,Sangat Rentan
BELITUNG TIMUR,4,5,7.06,14.44,1.43,17.75,8.3,0.6,71.59,14.72,59.66,345,Sangat Rentan
BELU,5,0.65,15.7,44.21,16.46,39.82,6.91,1.65,63.81,46.78,69.31,290,Rentan
BENER MERIAH,3,3.47,20.13,29.41,0.53,39.69,9.65,1.72,68.99,45.95,56.73,358,Sangat Rentan
BENGKALIS,4,4.13,6.22,17.71,1.66,38.3,9.24,5.03,70.85,32.27,60.36,342,Sangat Rentan
BENGKAYANG,5,0.54,7.17,36.32,12.46,62.7,6.59,5,73.28,31.92,75.52,203,Agak Rentan
BENGKULU SELATAN,5,0.45,18.65,32.67,1.33,59.92,9.36,1.17,67.45,33.74,72.44,249,Agak Rentan
BENGKULU TENGAH,5,1.18,8.2,33.86,1.39,50.74,7.47,2.21,67.82,23.27,73.03,245,Agak Rentan
BENGKULU UTARA,4,1.62,11.81,34.89,1.64,63.03,7.81,3.27,67.67,26.81,66.85,314,Rentan
BERAU,6,0.99,5.04,9.72,1.1,12.03,8.99,19.67,71.68,31.66,84.19,27,Sangat Tahan
BIAK NUMFOR,2,5,25.72,17.69,1.13,35.56,9.68,37.89,68,43.7,44.88,387,Sangat Rentan
BIMA,5,0.37,14.84,54.58,0.34,30.14,7.66,5.71,65.71,32.01,75.45,206,Agak Rentan
BINTAN,3,5,6.61,13.46,2.72,38.45,8.22,2.03,70.21,21.48,55.35,361,Sangat Rentan
BIREUEN,6,0.51,14.31,50.14,0.54,39.74,9.32,0.71,70.92,40.97,76.35,194,Agak Rentan
BLITAR,6,0.62,9.72,24.21,0,33.56,7.43,0.71,73.16,27.36,81.46,78,Tahan
BLORA,6,0.23,11.9,32.52,0,18.43,6.37,0.99,74.12,32.86,84.1,28,Sangat Tahan
BOALEMO,6,0.25,20.33,21.31,6.23,30.02,7.37,3.57,68.25,44.82,76.43,190,Agak Rentan
BOGOR,5,2.39,7.14,35.48,0,36.61,7.94,0.53,70.86,32.86,69.11,291,Rentan
BOJONEGORO,6,0.27,13.16,39.16,0.33,21.4,6.93,0.93,71.07,34.91,81.21,86,Tahan
BOLAANG MONGONDOW,6,0.15,7.67,22.62,0,32.17,7.94,5.01,68.86,28.86,83.48,37,Sangat Tahan
BOLAANG MONGONDOW SELATAN,5,0.83,13.6,38.89,0.64,20.55,8.03,5.98,64.19,33.27,75.19,211,Agak Rentan
BOLAANG MONGONDOW TIMUR,6,0.58,6.03,25.77,0.85,35.48,7.98,5.15,67.51,26.28,80.28,104,Tahan
BOLAANG MONGONDOW UTARA,6,0.26,8.64,37.99,0.4,41.02,8.73,4.45,67.21,22.24,80.12,109,Tahan
BOMBANA,6,0.47,11.05,16.59,2.52,22.85,7.49,5.58,68.17,33.87,81.02,89,Tahan
BONDOWOSO,5,0.42,14.39,52.12,0,39.98,5.9,0.78,66.27,37.98,73.07,244,Agak Rentan
BONE,6,0.12,10.55,16.21,1.43,24.87,7.38,1.58,66.5,37.31,82.29,63,Sangat Tahan
BONE BOLANGO,6,0.9,17.4,15.49,0.67,22.37,8.93,2.57,67.95,29.11,77.63,161,Tahan
BOVEN DIGOEL,2,4.14,20.35,31.19,13.96,39.04,7.68,52.15,59.16,39.7,44.13,389,Sangat Rentan
BOYOLALI,6,0.55,10.04,16.76,0,32.01,7.32,0.54,75.79,28.51,83.62,35,Sangat Tahan
BREBES,5,0.64,17.17,35.33,0,28.19,6.08,0.55,68.84,38.53,75.09,214,Agak Rentan
BULELENG,6,1.43,5.36,32.89,0.29,20.49,6.69,0.78,71.36,20.47,78.77,139,Tahan
BULUKUMBA,6,0.26,7.48,31.07,1.02,21.42,7.96,0.57,67.27,36.23,82.73,50,Sangat Tahan
BULUNGAN,6,0.86,9.44,10.87,1.89,33.11,8.33,15.43,72.55,31.22,80.28,103,Tahan
BUNGO,5,1.93,5.78,32.84,2.46,36.27,8.13,2.87,67.42,20.74,71.91,257,Rentan
BUOL,6,0.49,16.08,25.76,5.97,17.33,8.95,12.94,67.59,34.22,79.09,127,Tahan
BURU,6,0.43,17.03,18.49,3.9,23.14,8.89,11.5,66.16,27.05,78.97,133,Tahan
BURU SELATAN,3,3.04,16.31,27.49,16.15,34.44,7.88,11.83,65.92,26.8,59.28,346,Sangat Rentan
BUTON,6,0.8,13.67,22.35,0.9,21.48,8.23,2.18,67.6,34.91,78.2,149,Tahan
BUTON SELATAN,5,1.33,14.82,14.6,3.45,59.96,6.59,0.94,67.33,34.81,68.12,303,Rentan
BUTON TENGAH,6,1.75,14.88,19.89,0.19,4.84,9,1.44,67.33,19.19,76.35,193,Agak Rentan
BUTON UTARA,5,2.27,14.93,20.41,2.53,19.98,8.68,2.78,70.56,37.12,70.34,279,Rentan
CIAMIS,6,0.63,7.22,29.46,0.07,39.12,7.7,0.81,71.32,33.39,79.91,113,Tahan
CIANJUR,6,0.56,9.81,46.85,0.09,46.04,7.14,1.37,69.7,33.51,75.86,201,Agak Rentan
CILACAP,6,0.38,11.25,26.59,0.2,27.72,6.74,0.77,73.39,32.1,82.45,59,Sangat Tahan
CIREBON,6,0.7,10.7,47.64,0.15,22.98,6.77,0.3,71.66,33.7,78.88,136,Tahan
DAIRI,6,0.45,8.2,62.36,1.16,37.03,9.16,1.4,68.41,40.17,77.18,171,Agak Rentan
DEIYAI,1,5,43.49,24.37,6,99.73,1.49,12.37,64.83,23.46,24.86,405,Sangat Rentan
DELI SERDANG,6,1.18,4.13,23.72,0.11,18.31,9.98,0.61,71.31,25.68,83.17,41,Sangat Tahan
DEMAK,6,0.29,12.54,27.41,0,16.46,7.44,0.56,75.29,26.11,85.91,13,Sangat Tahan
DHARMASRAYA,6,1.13,6.42,25.13,0.79,38.51,8.35,5.54,70.73,30.34,77.61,163,Tahan
DOGIYAI,1,5,30.48,26.48,72.6,92.3,2.07,26.18,65.32,57.48,22.6,409,Sangat Rentan
DOMPU,6,0.18,12.4,52.88,0.41,32.07,8.14,4.95,66.2,33.83,77.67,160,Tahan
DONGGALA,5,0.55,18.03,30.85,9.77,43.65,7.51,6.88,66.37,36.02,72.14,255,Rentan
EMPAT LAWANG,4,0.8,12.25,42.9,4.15,73.97,7.32,3.81,64.56,36.02,66.75,315,Rentan
ENDE,5,1.37,24.2,49.21,6.75,16.4,7.79,3.26,64.75,32.77,67.76,307,Rentan
ENREKANG,6,0.33,12.49,25.33,1.03,46.34,8.89,2.72,70.55,42.65,78.42,145,Tahan
FAKFAK,2,5,24.31,32.73,1.87,30.05,10.02,29.36,68.12,18.01,47.74,381,Sangat Rentan
FLORES TIMUR,5,0.97,11.05,39.92,8.11,11.04,7.4,2.14,64.7,46.53,75.11,213,Agak Rentan
GARUT,6,0.47,9.27,58.77,0.11,42.71,7.68,0.87,71.03,34.64,76.96,176,Agak Rentan
GAYO LUES,5,0.44,20.7,26.8,0.62,27.56,7.65,6.57,65.12,44.4,74.18,230,Agak Rentan
GIANYAR,6,0.81,4.19,2.29,0,8.92,8.58,0.19,73.26,12.08,89.76,2,Sangat Tahan
GORONTALO,6,0.29,16.81,14.01,4.75,28.64,7.26,1.38,67.45,34.59,78.89,135,Tahan
GORONTALO UTARA,6,0.24,18.54,20.86,3.03,25.45,7.3,3.77,65.36,33.34,77.73,158,Tahan
GOWA,6,0.24,7.83,17.29,0.65,22.78,7.85,2.5,70.11,44.45,84.04,29,Sangat Tahan
GRESIK,6,0.6,11.89,22.75,0.09,2.21,9.02,0.4,72.46,27.16,86.34,9,Sangat Tahan
GROBOGAN,6,0.27,12.31,47.37,0.22,14.31,6.55,0.67,74.55,39.16,82.98,46,Sangat Tahan
GUNUNG MAS,3,5,5.1,32.81,10.28,37.93,8.82,20.33,70.24,38.21,51.93,370,Sangat Rentan
GUNUNGKIDUL,6,0.21,17.12,34.22,0.16,29.92,6.89,1.03,73.92,32.51,80.65,95,Tahan
HALMAHERA BARAT,5,1.79,8.74,19.29,2.2,47.36,8.03,3.84,65.78,35.26,69.1,292,Rentan
HALMAHERA SELATAN,5,1.72,4.8,22.66,7.96,47.6,7.72,9.64,65.42,34.54,69.64,285,Rentan
HALMAHERA TENGAH,5,1.36,13.94,15.38,6.21,25.42,8.54,9.49,63.16,41.37,71.52,262,Rentan
HALMAHERA TIMUR,5,0.47,15.02,19.99,2.48,47.32,7.85,16.85,68.19,38.41,74.84,222,Agak Rentan
HALMAHERA UTARA,6,0.67,4.51,23.12,0.63,29.37,8.41,6.61,69.15,25.09,82.42,60,Sangat Tahan
HULU SUNGAI SELATAN,6,0.39,5.21,42.3,1.21,45.37,7.74,1.86,65.59,35.05,77.33,169,Agak Rentan
HULU SUNGAI TENGAH,6,0.34,6.01,41.79,0.29,38.94,7.83,2.05,65.54,32.44,78.66,141,Tahan
HULU SUNGAI UTARA,6,0.73,6.38,20.95,0.3,27.96,7.48,1.29,63.24,37.74,77.89,154,Tahan
HUMBANG HASUNDUTAN,5,0.41,9,47.79,1.37,59.03,9.12,5.94,68.69,41.33,74.7,224,Agak Rentan
INDRAGIRI HILIR,4,1.12,7.05,38.86,9.76,80,7.39,7.51,67.32,32.2,67.08,310,Rentan
INDRAGIRI HULU,4,4.41,6.3,18.3,1.51,22.39,8.41,5.76,69.97,32.21,60.14,343,Sangat Rentan
INDRAMAYU,6,0.23,11.89,51.16,0,13.12,5.54,1.06,71.11,33.98,81.59,74,Sangat Tahan
INTAN JAYA,1,5,42.71,29.33,69.64,86.65,1.42,79.81,65.26,49.64,16.62,413,Sangat Rentan
JAYAPURA,2,4.95,13.44,29.43,2.01,36.54,9.25,8.99,66.66,24.57,50.66,374,Sangat Rentan
JAYAWIJAYA,3,1.16,38.66,23.56,20.85,75.98,5.03,3.04,58.99,31.62,51.72,372,Sangat Rentan
JEMBER,5,0.52,9.98,44.62,0.56,47.42,5.87,0.8,68.74,38.31,74.55,227,Agak Rentan
JEMBRANA,6,0.86,5.2,23.02,0,33.49,7.66,0.75,71.91,29.07,81.22,85,Tahan
JENEPONTO,6,0.16,15.48,30.86,0.08,10.35,6.91,1.74,65.89,41.29,80.59,99,Tahan
JEPARA,6,0.65,7,38.91,0,20.62,7.65,0.46,75.71,33.57,83.85,31,Sangat Tahan
JOMBANG,6,0.45,9.56,35.8,0,28.23,8.18,0.32,72.04,29.78,82.18,64,Sangat Tahan
KAIMANA,2,5,16.65,26.83,22.9,43.5,9.51,10.64,64.25,16.75,46.4,384,Sangat Rentan
KAMPAR,4,3.37,8.18,30.94,0.67,30.34,8.62,4.95,70.35,32.05,63.97,326,Rentan
KAPUAS,6,0.13,5.2,35.09,3.34,57.16,7.57,10.5,68.64,41.54,77.79,157,Tahan
KAPUAS HULU,5,2,9.6,33.22,3.22,43.5,7.5,24.2,72.12,40.61,67.94,306,Rentan
KARANGANYAR,6,0.51,10.01,27.71,0,19.93,8.37,0.49,77.36,28.02,86.16,10,Sangat Tahan
KARANGASEM,6,0.82,6.28,21.36,0.17,21.69,5.84,0.46,70.05,26.23,81.44,82,Tahan
KARAWANG,6,0.39,8.06,35.17,0.16,20.61,7.54,0.39,71.81,33.11,83.61,36,Sangat Tahan
KARIMUN,3,5,6.9,17.97,1.15,18.22,7.84,1.46,70.52,31.59,57.25,356,Sangat Rentan
KARO,6,0.39,8.67,53.54,1.39,28.52,9.53,2.04,70.97,29.59,81.49,76,Tahan
KARTA BARAT,6,50,3.39,19.02,0,2.38,10.11,0.01,73.45,14.84,86.42,9,Sangat Tahan
KARTA PUSAT,6,50,3.59,18.6,0,1.13,11.06,0,73.92,23.5,87.1,6,Sangat Tahan
KARTA SELATAN,6,50,2.83,8.49,0,13.67,11.34,0.01,73.93,16.23,88.56,3,Sangat Tahan
KARTA TIMUR,6,50,3.14,13.19,0,10.38,11.02,0.01,74.27,18.36,87.31,5,Sangat Tahan
KARTA UTARA,6,50,5.35,19.71,0,0.33,10.33,0.02,73.08,18.95,84.19,21,Sangat Tahan
KATINGAN,6,0.6,5.22,32.98,1.74,40.35,8.38,24.4,65.62,33.26,76.89,177,Agak Rentan
KAUR,5,0.67,19.4,35.16,1.24,56.11,8.65,4.39,66.15,34.26,70.06,281,Rentan
KAYONG UTARA,5,0.47,10.08,35.22,3.21,70.1,5.77,13.98,67.71,33.42,71.13,267,Rentan
KEBUMEN,6,0.43,17.47,34.86,0,39.12,7.3,0.46,73.11,33.89,77.51,164,Agak Rentan
KEDIRI,6,0.78,11.31,32.73,0,35.64,7.8,0.57,72.37,29.36,78.64,142,Tahan
KEEROM,3,3.77,16.9,15.08,2.47,39.31,7.88,26.58,66.35,38.21,54.41,363,Sangat Rentan
KENDAL,6,0.69,9.84,24.59,0.08,13.54,7.17,0.58,74.3,25.48,84.55,20,Sangat Tahan
KEP. SIAU TAGULANDANG BIARO,5,2.37,9.87,26.5,0.28,51.38,9.02,0.7,70.14,19.46,67.99,304,Rentan
KEPAHIANG,5,1.1,14.42,22.52,1.98,43.7,8.16,1.03,67.39,36.67,72.36,251,Rentan
KEPULAUAN ANAMBAS,2,5,6.93,18.35,3.02,51.18,6.92,1.19,66.91,26.09,50.39,375,Sangat Rentan
KEPULAUAN ARU,1,5,27.12,16.64,41.51,35.96,8.7,17.08,62.52,36.02,40.1,395,Sangat Rentan
KEPULAUAN MENTAWAI,1,5,14.44,65.01,23.65,59.79,7.38,19.25,64.49,32.4,38.86,396,Sangat Rentan
KEPULAUAN MERANTI,3,2.32,27.79,26.99,10.03,90.23,7.73,4.28,67.21,29.87,52.07,369,Sangat Rentan
KEPULAUAN SANGIHE,3,5,11.82,38.4,5.21,26.72,8.43,0.63,69.6,22.99,52.89,366,Sangat Rentan
KEPULAUAN SELAYAR,4,2.97,13.13,35.44,3.2,18.03,7.94,2.4,68.03,46.01,63.6,327,Sangat Rentan
KEPULAUAN SULA,3,3.61,8.89,27.74,11.29,49.65,8.94,7.95,62.83,38.61,54.96,362,Sangat Rentan
KEPULAUAN TALAUD,6,1.63,9.5,25.6,1.14,25.4,9.24,2.36,69.71,23.59,76.11,197,Agak Rentan
KEPULAUAN YAPEN,2,4.47,27.17,24.02,23.01,27.35,8.47,9.98,68.85,46.22,47.61,383,Sangat Rentan
KERINCI,6,0.34,7.07,30.35,2.51,27.86,8.09,5.1,69.65,42.36,81.7,72,Sangat Tahan
KETAPANG,5,1.33,10.93,27.22,7.71,58.5,7.14,21.34,70.69,42.68,68.56,300,Rentan
KLATEN,6,0.52,12.96,38.54,0,31.21,8.17,0.21,76.67,29.62,81.93,68,Sangat Tahan
KLUNGKUNG,6,1.32,5.86,29.38,0.29,16.12,7.54,0.26,70.7,21.39,80.33,101,Tahan
KOLAKA,6,0.79,12.51,13.41,2.94,19.77,8.84,5.41,70.38,28.73,81.38,83,Tahan
KOLAKA TIMUR,6,0.27,13.82,9.02,3.92,16.78,8.81,4.41,71.99,17.58,86.47,8,Sangat Tahan
KOLAKA UTARA,5,1.68,14.3,17.47,3.07,27.24,8.1,7.04,69.94,30.62,72.98,246,Agak Rentan
KONAWE,6,0.27,13.48,18.59,0.89,22.68,8.86,6.12,69.76,29.42,83.16,43,Sangat Tahan
KONAWE KEPULAUAN,3,3.73,17.48,7.9,1.42,41.88,9.47,7.9,68.06,38.89,57.2,357,Sangat Rentan
KONAWE SELATAN,6,0.51,10.95,19.89,0.39,26.38,7.69,8.29,70.24,28.02,81.53,75,Sangat Tahan
KONAWE UTARA,5,0.84,14.22,17.64,3.87,39.25,8.86,21.12,68.95,37.69,74.92,217,Agak Rentan
KOTA AMBON,6,32.07,4.72,8.63,0.85,11.41,11.22,0.25,70.12,31.25,74.53,53,Agak Rentan
KOTA BALIKPAPAN,6,28.06,2.64,3.65,0,1.29,10.19,0.18,74.18,23.76,88.74,2,Sangat Tahan
KOTA BANDA ACEH,6,50,7.25,8.95,0,0.35,11.98,0.02,71.1,26.58,84.79,19,Sangat Tahan
KOTA BANDAR LAMPUNG,6,49.25,9.04,16.7,0.2,13.38,10.51,0.05,71.01,25.15,73.49,58,Agak Rentan
KOTA BANDUNG,6,50,3.57,10.24,0,6.7,10.56,0.02,74,21.74,86.87,7,Sangat Tahan
KOTA BANJAR,5,1.05,5.7,50.4,0,19.49,8.49,0.15,70.59,27.89,61.66,87,Sangat Rentan
KOTA BANJARBARU,5,7.63,4.19,18.52,0.84,20.47,10.63,0.4,71.67,39.73,67.06,75,Rentan
KOTA BANJARMASIN,6,19.11,4.18,19.09,0,0,9.77,0.02,70.75,28.75,80.21,37,Tahan
KOTA BATAM,6,50,5.11,8.62,0.38,2.44,10.84,0.37,73.24,22.92,82.14,30,Sangat Tahan
KOTA BATU,6,4.35,3.89,16.42,0.41,11.89,9.16,0.22,72.37,28.33,74.3,55,Agak Rentan
KOTA BAU BAU,6,3.33,7.57,11.61,0.3,7.26,10.21,0.43,70.72,37.21,70.9,68,Rentan
KOTA BEKASI,6,50,4.11,10.33,0,12.56,10.91,0.04,74.76,16.75,86.85,8,Sangat Tahan
KOTA BENGKULU,5,5.84,18.82,9.5,0.17,18.62,11.23,0.06,69.72,17.99,66.48,76,Rentan
KOTA BIMA,5,1.53,8.79,33.12,0,18.26,10.28,0.46,69.84,28.75,63.52,85,Sangat Rentan
KOTA BINJAI,6,5.63,5.88,20.72,0,8.99,10.71,0.04,71.95,28.28,78.33,43,Tahan
KOTA BITUNG,5,7.19,6.67,28.21,0.17,5.82,9.65,0.42,70.72,29.97,69.35,70,Rentan
KOTA BLITAR,6,3.68,7.44,15.41,0,27.59,9.49,0.02,73.36,25.59,72.18,62,Rentan
KOTA BOGOR,6,45.92,5.93,19.76,0,19.84,9.47,0.04,73.21,27.79,74.07,56,Agak Rentan
KOTA BONTANG,6,50,4.67,3.01,0.15,2.9,10.35,0.18,73.94,26.63,85.34,15,Sangat Tahan
KOTA BUKITTINGGI,6,3.88,4.92,11.65,0,4.19,11.11,0.02,73.91,17.16,88.02,4,Sangat Tahan
KOTA CILEGON,6,8.16,3.25,17.44,0,11.75,9.7,0.19,66.43,23.32,73.78,57,Agak Rentan
KOTA CIMAHI,6,50,4.94,24,0,11.94,10.65,0.02,73.75,21.06,80.68,34,Tahan
KOTA CIREBON,6,50,8.88,29.62,0,2.9,9.45,0.03,71.99,31.18,72.32,61,Rentan
KOTA DENPASAR,6,8.16,2.24,6.87,0.23,1.45,10.3,0.03,74.38,18.84,89.84,1,Sangat Tahan
KOTA DEPOK,6,50,2.14,8.22,0,20.56,10.44,0.07,74.17,23.21,83.67,23,Sangat Tahan
KOTA DUMAI,5,16.43,3.71,15.81,0.46,13.26,9.91,1,70.55,17.26,69.95,69,Rentan
KOTA GORONTALO,6,4.78,5.57,5.51,0,6.22,10.45,0.08,72.02,27.41,82.62,27,Sangat Tahan
KOTA GUNUNGSITOLI,2,3.93,18.44,19.8,2.59,24.71,8.36,0.53,70.67,40.37,37.46,97,Sangat Rentan
KOTA JAMBI,6,11.82,8.49,20.6,0,11.61,10.61,0.05,72.43,26.22,75.74,50,Agak Rentan
KOTA JAYAPURA,5,6.55,11.37,5.22,0.72,7.53,10.9,0.72,70.15,22.81,68.55,72,Rentan
KOTA KEDIRI,5,3.09,7.68,20.16,0,31.36,9.5,0.03,73.8,34.62,67.94,74,Rentan
KOTA KENDARI,6,14.68,4.69,6.57,0.18,6.5,11.01,0.12,73.26,22.66,85.11,17,Sangat Tahan
KOTA KOTAMOBAGU,6,0.83,5.96,12.41,0,13.33,10.41,0.16,69.97,29.03,75.54,51,Agak Rentan
KOTA KUPANG,6,23.15,9.61,15.94,0.25,7.37,11.03,0.18,68.9,23.31,73.24,60,Agak Rentan
KOTA LANGSA,6,5.57,10.79,10.81,0,13.42,11.23,0.24,69.16,27.52,71.95,64,Rentan
KOTA LHOKSEUMAWE,6,3.83,11.81,23.88,0,4.85,10.92,0.07,71.27,35.41,71.33,65,Rentan
KOTA LUBUKLINGGAU,3,5.49,13.02,32.46,0,38.16,9.61,0.43,68.83,31.99,51.06,94,Sangat Rentan
KOTA MADIUN,6,3.86,4.49,10.73,0,5.85,10.14,0.02,72.59,29.06,82.53,28,Sangat Tahan
KOTA MAGELANG,6,25.75,7.87,17.24,0.22,9.87,9.98,0.01,76.72,27.55,79.28,41,Tahan
KOTA MAKASSAR,6,21.79,4.41,12.45,0,2.67,10.34,0.02,71.7,25.29,83.54,24,Sangat Tahan
KOTA MALANG,6,13.6,4.1,8.05,0,15.04,10.23,0.03,72.93,23.42,82.36,29,Sangat Tahan
KOTA MANADO,6,27.57,5.38,10.39,0.01,5.08,10.63,0.06,71.52,19.8,83.68,22,Sangat Tahan
KOTA MATARAM,6,5.7,8.96,22.92,0,6.08,9.21,0.01,71.24,24.49,73.44,59,Agak Rentan
KOTA MEDAN,6,50,8.25,16.41,0,3.94,11.35,0.03,72.64,27.02,80.91,33,Tahan
KOTA METRO,6,0.93,9.14,13.54,0,19.08,10.48,0.05,71.29,14.75,75.85,49,Agak Rentan
KOTA MOJOKERTO,6,5.02,5.5,14.88,0,16.83,9.57,0.03,73.01,20.86,78.19,44,Tahan
KOTA PADANG,6,3.38,4.7,11.94,0.22,9.31,11.4,0.16,73.35,22.44,83.33,25,Sangat Tahan
KOTA PADANG PANJANG,6,2.47,5.88,12.59,0.39,9.15,11.22,0.06,72.58,27.24,80.01,39,Tahan
KOTA PADANG SIDIMPUAN,4,1.47,7.69,28.36,0.29,34.7,10.87,0.11,68.73,39.83,59.75,90,Sangat Rentan
KOTA PAGAR ALAM,3,1.17,8.77,25.17,0.88,50.43,9.44,0.98,66.14,31.87,41.64,96,Sangat Rentan
KOTA PALANGKARAYA,6,50,3.47,11.52,0,8.72,11.09,1,73.16,22.91,78.16,45,Tahan
KOTA PALEMBANG,6,12.51,10.95,14.92,0,4.97,10.25,0.06,70.32,25.89,74.36,54,Agak Rentan
KOTA PALOPO,6,1.49,7.94,11.23,0.36,7.88,10.62,0.29,70.49,36.01,72.14,63,Rentan
KOTA PALU,6,18.83,6.58,6.34,0,14.52,10.94,0.16,70.31,24.07,78.43,42,Tahan
KOTA PANGKALPINANG,6,50,4.95,8.64,0,6.96,9.81,0.01,72.86,13.32,85.37,14,Sangat Tahan
KOTA PARE PARE,6,3.03,5.59,10.39,0.06,9.03,10.13,0.1,70.88,23.29,79.4,40,Tahan
KOTA PARIAMAN,6,1.03,5.03,30.86,0.25,21.58,10.57,0.13,69.87,17.77,71.04,67,Rentan
KOTA PASURUAN,5,2.65,6.77,41.49,0,11.07,8.69,0.04,71.18,34.88,65.71,81,Rentan
KOTA PAYAKUMBUH,6,0.97,5.77,19.6,0.44,2.27,10.48,0.14,73.33,19.24,80.66,35,Tahan
KOTA PEKALONGAN,5,6.51,6.75,31.8,0.15,32.05,8.56,0.03,74.25,29.73,64.69,84,Rentan
KOTA PEKANBARU,6,42.68,2.85,12.15,0.19,6.44,10.96,0.15,71.94,16,85.38,13,Sangat Tahan
KOTA PEMATANGSIANTAR,6,2.98,8.7,31.75,0,6.08,10.8,0.06,72.93,20.52,76.45,48,Agak Rentan
KOTA PONTIANAK,5,50,5,14.82,0,58.7,10.06,0.04,72.41,22.26,65.83,79,Rentan
KOTA PRABUMULIH,5,9.41,11.39,14.53,0,30.36,9.79,0.27,69.88,26.23,63.21,86,Sangat Rentan
KOTA PROBOLINGGO,6,3.64,7.2,6.54,0,17.01,8.24,0.05,70,30.02,71.26,66,Rentan
KOTA SABANG,5,50,16.31,17.45,0,3.12,11.21,0.4,70.21,23.48,68.85,71,Rentan
KOTA SALATIGA,6,5.97,4.84,10.2,0,7.68,10.32,0.04,77.11,34.24,84.79,20,Sangat Tahan
KOTA SAMARINDA,6,13.47,4.59,5.93,0,1.37,10.14,0.22,73.93,26.26,85.19,16,Sangat Tahan
KOTA SAWAHLUNTO,5,1.25,2.39,26.4,0.89,10.61,9.47,0.87,69.59,20.63,65.89,78,Rentan
KOTA SEMARANG,6,12.09,4.14,9.98,0,4.41,9.69,0.04,77.23,29.68,86.4,10,Sangat Tahan
KOTA SERANG,5,1.73,5.36,36.06,0,24.26,8.16,0.16,67.58,24.62,61.4,88,Sangat Rentan
KOTA SIBOLGA,5,50,12.38,34.27,0,9.88,10.11,0.07,68.36,23.36,65.23,82,Rentan
KOTA SINGKAWANG,4,3.53,5.12,15.52,0.63,53.55,7.76,0.28,71.41,26.59,55.98,92,Sangat Rentan
KOTA SOLOK,6,1.11,3.3,14.34,0.48,0.87,11.38,0.09,73.14,23.58,85.4,12,Sangat Tahan
KOTA SORONG,5,40.17,15.85,7.34,0.17,6.27,10.56,0.91,70,20.61,65.12,83,Rentan
KOTA SUBULUSSALAM,1,7.24,18.51,53.38,0.31,57.11,7.99,1,63.69,49.62,17.4,98,Sangat Rentan
KOTA SUKABUMI,5,4.12,7.12,39.98,0,21.57,9.23,0.03,72.11,28.99,65.78,80,Rentan
KOTA SUNGAI PENUH,5,0.43,2.76,27.72,0,10.95,10.18,1,71.84,35.75,68.37,73,Rentan
KOTA SURABAYA,6,37.65,4.88,16.17,0.16,0.15,9.4,0.03,73.98,28.57,81.67,31,Sangat Tahan
KOTA SURAKARTA,6,50,9.08,12.49,0,16.9,10.35,0.01,77.11,39.51,76.66,47,Agak Rentan
KOTA TANGERANG,6,50,4.76,11.54,0,11.18,10.17,0.04,71.45,19.07,81.53,32,Sangat Tahan
KOTA TANGERANG SELATAN,6,50,1.68,5.7,0,15.3,10.86,0.04,72.26,19.85,86.39,11,Sangat Tahan
KOTA TANJUNG BALAI,4,46.26,14.64,48.72,0,1.4,9.41,0.16,62.6,35.9,52.19,93,Sangat Rentan
KOTA TANJUNGPINANG,6,50,9.24,6.45,0,18,9.86,0.12,71.93,23.35,74.81,52,Agak Rentan
KOTA TARAKAN,6,21.69,6.15,6.97,0,7.55,9.89,0.41,73.88,22.02,80.44,36,Tahan
KOTA TASIKMALAYA,4,2.55,12.71,44.25,0,23.33,9.09,0.15,71.7,25.74,58.14,91,Sangat Rentan
KOTA TEBING TINGGI,5,3.96,10.27,20.26,0.58,20.97,10.24,0.05,70.47,25.92,66.16,77,Rentan
KOTA TEGAL,6,16.35,7.81,12.36,0,0.73,8.16,0.02,74.3,20.72,80.18,38,Tahan
KOTA TERNATE,6,50,3,3.31,0.26,8.05,11.02,0.12,70.5,19.64,84.89,18,Sangat Tahan
KOTA TIDORE KEPULAUAN,4,17.72,5.95,6.53,0.21,36.84,9.75,1,68.87,28.19,59.95,89,Sangat Rentan
KOTA TOMOHON,6,2.05,5.95,11.61,0.28,15.59,10.79,0.16,71.43,19.22,77.81,46,Tahan
KOTA TUAL,3,17.05,23.42,6.22,1.75,15.66,10.21,0.63,64.89,30.98,42.72,95,Sangat Rentan
KOTA YOGYAKARTA,6,50,6.98,8.64,0,20.88,11.32,0.01,74.45,16.93,82.8,26,Sangat Tahan
KOTABARU,6,0.82,4.52,24.77,0.74,32.67,7.21,10.8,68.89,28.55,79.56,118,Tahan
KOTAWARINGIN BARAT,4,4.39,4.27,12.99,0.46,17.03,8.16,10.77,70.43,22.08,62.97,328,Sangat Rentan
KOTAWARINGIN TIMUR,6,1.01,6.21,21.51,2.64,34.48,7.84,16.92,69.75,48.84,76.42,192,Agak Rentan
KUANTAN SINGINGI,6,1.24,9.92,24.87,1.75,29.46,8.59,5.14,68.17,24.61,76.48,189,Agak Rentan
KUBU RAYA,5,1.24,5.07,27.63,0.19,86.39,7.51,6.43,70.04,24.83,69.56,287,Rentan
KUDUS,6,0.74,6.98,11.88,0,21.92,8.63,0.15,76.47,29.38,86.49,7,Sangat Tahan
KULON PROGO,6,0.68,18.3,30.33,0,22.07,8.44,0.41,75.12,22.65,81.08,88,Tahan
KUNINGAN,6,0.46,12.22,54.11,0,23.95,7.6,0.47,73.11,28.68,80.61,97,Tahan
KUPANG,5,0.64,23.1,44.28,13.49,30.79,7.56,5.41,63.86,41.44,68.95,295,Rentan
KUTAI BARAT,4,3.22,9.15,15.61,0.81,24.93,8.15,17.61,72.57,30.02,66.85,313,Rentan
KUTAI KARTANEGARA,6,0.78,7.41,14.87,0.65,9.29,8.57,14.04,71.93,35.66,84.51,22,Sangat Tahan
KUTAI TIMUR,3,5,9.22,12.15,0.84,19.13,8.94,18.36,72.76,30.45,57.58,354,Sangat Rentan
LABUHANBATU,4,2.58,8.61,34.95,3.79,36.88,9.06,2.41,69.6,36.38,66.75,316,Rentan
LABUHANBATU SELATAN,2,5,10,37.93,1.46,36.14,8.96,4.22,68.39,34.88,51.02,373,Sangat Rentan
LABUHANBATU UTARA,6,0.84,10.12,41.39,3.97,32.87,8.46,2.42,69.09,31.23,76.8,180,Agak Rentan
LAHAT,5,0.81,16.15,34.73,0.72,56.3,8.6,5.47,65.5,48.12,68.94,296,Rentan
LAMANDAU,6,0.82,3.15,19.83,6.03,27.02,7.99,12.12,69.31,28.34,81.49,77,Tahan
LAMONGAN,6,0.21,13.8,26.72,0.15,11.31,7.88,0.51,72.04,35.49,84.8,18,Sangat Tahan
LAMPUNG BARAT,5,0.77,13.54,29.3,2.2,40.38,7.89,2.46,67.09,32.96,74.62,225,Agak Rentan
LAMPUNG SELATAN,6,0.39,14.86,35.46,0,28.47,7.61,0.49,68.87,29.09,78.99,130,Tahan
LAMPUNG TENGAH,6,0.16,12.62,31.42,0.35,48.59,7.6,1.96,69.46,25.32,78.88,137,Tahan
LAMPUNG TIMUR,6,0.14,15.76,25.02,0,57.76,7.62,3.3,70.31,24.71,77.38,166,Agak Rentan
LAMPUNG UTARA,5,0.12,20.85,38.86,0.66,76.69,8.5,0.93,68.71,26.64,71.35,265,Rentan
LANDAK,5,0.61,11.77,40.46,16.04,65.88,6.81,10.4,72.34,42.04,70.99,270,Rentan
LANGKAT,6,1.15,10.2,35.37,0.17,26.15,8.61,3.67,68.22,31.64,76.29,195,Agak Rentan
LANNY JAYA,1,5,40.06,32.81,55.89,98.12,2.49,18.98,65.79,47.08,20.64,410,Sangat Rentan
LEBAK,5,0.6,8.41,54.26,1.53,54.88,6.05,1.52,66.79,40.19,71.67,261,Rentan
LEBONG,5,0.73,11.59,48.95,2.69,42.68,7.99,4.52,62.73,26.06,72.19,254,Rentan
LEMBATA,4,0.87,26.45,42.29,10.94,33.3,7.57,2.47,66.57,43.13,67.48,309,Rentan
LIMA PULUH KOTA,6,0.31,6.99,41.72,0.99,39.94,8.17,4.98,69.47,40.13,79.4,121,Tahan
LINGGA,2,5,13.55,23.34,1.79,22.47,6.62,4.23,61.44,22.03,49.71,378,Sangat Rentan
LOMBOK BARAT,5,1,15.2,57.01,0.37,31.09,6.36,0.71,66.16,33.61,70.75,274,Rentan
LOMBOK TENGAH,5,0.44,13.87,53.89,0.22,27.31,6.04,0.73,65.59,31.05,75.26,209,Agak Rentan
LOMBOK TIMUR,5,0.73,16.55,56.99,0.4,34.98,6.76,0.6,65.33,43.52,70.36,278,Rentan
LOMBOK UTARA,4,0.83,28.83,52.18,0.17,37.08,5.93,1.02,66.5,29.3,66.63,318,Rentan
LUMAJANG,6,0.5,9.98,39.89,0,33.7,6.2,1.03,69.7,34.01,78.09,151,Tahan
LUWU,6,0.26,13.36,30.51,2.63,33.76,8.27,4.18,69.84,30.31,80.23,106,Tahan
LUWU TIMUR,6,0.29,7.23,13.31,2.93,32.37,8.48,7.03,70.03,25.31,84.25,25,Sangat Tahan
LUWU UTARA,6,0.31,13.69,16.35,0.38,35.66,7.53,8.22,67.9,34.68,78.98,131,Tahan
MADIUN,6,0.27,11.42,40.58,0.09,19.81,7.51,0.73,70.97,32.43,82.45,58,Sangat Tahan
MAGELANG,6,0.85,11.23,27.21,0.32,30.15,7.63,0.81,73.47,33.95,79.51,120,Tahan
MAGETAN,6,0.29,10.31,33.6,0,14.18,7.66,0.38,72.3,30.25,85.05,15,Sangat Tahan
MAHAKAM ULU,3,3.61,11.62,25.51,0.49,24.87,7.68,81.03,71.56,32.84,58.73,350,Sangat Rentan
MAJALENGKA,6,0.37,10.79,49.86,0,23.85,6.95,0.54,69.68,36.62,79.52,119,Tahan
MAJENE,3,3.01,13.79,39.2,0.53,31.59,8.52,3.21,61.05,45.89,58.14,352,Sangat Rentan
MALAKA,5,0.48,16.34,47.81,15.71,49.96,6.88,1.72,64.52,42.97,68.94,297,Rentan
MALANG,6,0.89,10.37,29.25,0,24.73,7.38,0.98,72.26,31.74,79.77,116,Tahan
MALINAU,6,1.36,7.68,9.05,0.85,27.01,9.07,61.74,71.4,24.63,77.11,173,Agak Rentan
MALUKU BARAT DAYA,3,1.55,30.2,28.79,14.46,48.75,8.19,12.42,61.87,31.09,59.18,348,Sangat Rentan
MALUKU TENGAH,4,1.96,20.11,24.59,2.83,36.61,9.36,10.09,66.19,42.79,65.12,322,Rentan
MALUKU TENGGARA,4,2.64,23.27,8.01,9.13,32.14,9.68,8.76,64.77,31.06,61.91,334,Sangat Rentan
MALUKU TENGGARA BARAT,3,3.45,28.08,39.39,10.53,24.46,9.71,21.01,63.19,28.8,52.68,367,Sangat Rentan
MAMASA,5,0.39,13.38,38.09,1.77,76.1,7.99,7.51,70.62,43.16,71.38,264,Rentan
MAMBERAMO RAYA,1,5,30.1,80.95,35.19,93.14,4.95,100,57.18,19.37,18.45,411,Sangat Rentan
MAMBERAMO TENGAH,1,5,37.02,41.66,95.92,100,1.81,36.42,63.14,34.77,16.34,414,Sangat Rentan
MAMUJU,6,0.42,7.18,31.07,3.45,37.15,7.74,3.61,66.94,46.46,77.97,152,Tahan
MAMUJU TENGAH,6,0.29,7.14,14.34,4.11,48.21,7.43,3.74,67.79,41.59,78.97,132,Tahan
MAMUJU UTARA,6,0.41,4.53,19.64,6.48,18.92,7.91,8.75,65.62,34.8,82.68,51,Sangat Tahan
MANDAILING NATAL,4,0.91,9.58,55.17,8.48,59.78,8.38,17.02,62.24,48.3,65.83,321,Rentan
MANGGARAI,5,0.58,20.83,47,9.4,20.37,7.51,1.42,66.23,43.27,72.88,247,Agak Rentan
MANGGARAI BARAT,5,0.32,18.14,37.3,12.93,26.59,7.18,6.62,66.58,44.32,74.61,226,Agak Rentan
MANGGARAI TIMUR,4,0.48,26.5,73.92,34.03,52.1,6.9,1.86,67.62,48.45,62.44,330,Sangat Rentan
MANOKWARI,5,1.81,22.21,23.39,0.3,26.47,9.43,11.52,68.22,32.14,68.8,298,Rentan
MANOKWARI SELATAN,1,5,30.87,43,11.96,57.58,8.56,33.78,67.16,40.26,36.33,397,Sangat Rentan
MAPPI,1,5,25.64,63.56,51.05,78.62,5.75,40.35,64.56,33.06,28.03,402,Sangat Rentan
MAROS,6,0.26,10.31,15.47,0.63,25.3,7.52,0.71,68.74,34.87,82.84,47,Sangat Tahan
MAYBRAT,2,3.14,32.89,28.44,11.4,58.54,9.54,19.21,64.93,42.02,48.12,380,Sangat Rentan
MELAWI,2,5,12.83,35.53,10.03,62.08,6.73,19.13,72.56,40.78,44.99,386,Sangat Rentan
MEMPAWAH,5,0.77,5.61,41.48,2.74,77.4,7.12,2.23,70.54,33.44,71.84,259,Rentan
MERANGIN,5,1.16,8.88,26.66,2.63,51.54,7.77,5.24,71.04,34.97,73.74,235,Agak Rentan
MERAUKE,6,0.35,10.54,19.49,4.46,29.99,8.56,66.56,66.71,22.8,78.25,147,Tahan
MESUJI,6,0.48,7.55,23.52,0,23.97,6.88,3.14,67.71,28.16,81.78,70,Sangat Tahan
MIMIKA,3,5,14.55,9.77,0.18,7.28,9.73,2.36,72.06,27.99,58.83,349,Sangat Rentan
MINAHASA,6,0.6,7.3,21.11,0.23,23.74,9.93,1.34,70.67,20.13,85.03,16,Sangat Tahan
MINAHASA SELATAN,6,0.39,9.34,43.98,0.23,33.12,9.1,2.11,69.47,26.12,80.78,92,Tahan
MINAHASA TENGGARA,6,0.64,13.29,42.82,0.23,18.88,9.43,2.38,69.77,27.96,80.29,102,Tahan
MINAHASA UTARA,6,0.6,6.99,26.57,0.77,23.41,10.21,1.3,71.03,35.44,83.76,32,Sangat Tahan
MOJOKERTO,6,0.52,10.08,26.95,0,25.37,8.17,0.27,72.24,29.9,82.78,48,Sangat Tahan
MOROWALI,6,0.49,14.34,16.99,2.29,19.07,9.02,3.39,68.45,34.81,81.26,84,Tahan
MOROWALI UTARA,6,0.43,15.53,36.96,5.26,23.06,8.61,18.34,68.77,28.47,78.47,144,Tahan
MUARA ENIM,5,1.32,12.56,31.62,0.54,34.37,7.87,3.71,68.38,34.37,72.84,248,Agak Rentan
MUARO JAMBI,5,1.72,4.05,36.01,2.25,36.24,8.4,5.27,71.02,20.68,75.21,210,Agak Rentan
MUKOMUKO,5,1.46,11.4,30.32,0.58,39.46,7.95,4.47,66.16,33.15,70.84,273,Rentan
MUNA,6,1.44,13.19,18.8,2.03,22.62,8.12,3.29,69.97,26.84,76.07,198,Agak Rentan
MUNA BARAT,6,0.73,14.17,16.15,0,23.15,6.62,1.81,69.97,31.3,79.2,125,Tahan
MURUNG RAYA,2,5,6.28,28.24,13.97,57.3,7.59,29.84,69.43,30.81,47.73,382,Sangat Rentan
MUSI BANYUASIN,6,0.67,16.52,20.46,1.71,34.53,7.46,7.97,68.33,31.07,75.94,200,Agak Rentan
MUSI RAWAS,6,0.43,13.76,17.99,0.21,40.48,7.43,4.43,67.59,34.56,77.34,168,Agak Rentan
MUSI RAWAS UTARA,4,1.98,19.12,37.59,5.52,46.55,6.59,8.63,65.21,33.24,61.49,335,Sangat Rentan
NABIRE,4,2.86,25.17,27.26,10.22,22.57,9.03,6.38,67.72,27.36,61.12,336,Sangat Rentan
NAGAN RAYA,5,0.64,18.97,37.73,0.72,35.98,8.15,4.85,68.89,40.56,73.73,236,Agak Rentan
NAGEKEO,6,0.58,12.98,30.84,7.99,22.58,8.2,3.05,66.62,35.96,77.82,156,Tahan
NATUNA,3,5,4.68,19.75,1.42,13.09,8.82,3.31,64.57,22.17,57.26,355,Sangat Rentan
NDUGA,1,5,38.13,39.35,88.92,99.74,2.15,64.97,54.82,49.79,10.56,416,Sangat Rentan
NGADA,6,0.38,12.94,30.77,8.42,33.1,8.6,2.01,67.59,34.7,78.24,148,Tahan
NGANJUK,6,0.39,12.11,47.73,0.42,28.82,7.72,0.61,71.25,29.65,79.96,112,Tahan
NGAWI,6,0.18,14.83,36.1,0.5,22.57,7.03,0.59,71.92,40.47,81.17,87,Tahan
NIAS,4,0.85,16.37,57.98,33.47,78.73,4.91,2.23,69.43,61.32,59.7,344,Sangat Rentan
NIAS BARAT,2,2.56,26.72,47.44,18.07,83.03,6.19,0.73,68.5,45.86,48.5,379,Sangat Rentan
NIAS SELATAN,4,1.29,16.65,42.59,26.38,65.4,5.69,1.47,68.24,45.06,62.01,333,Sangat Rentan
NIAS UTARA,3,1.53,26.56,51.92,27.92,65.8,5.92,2.91,68.98,45.46,56.38,359,Sangat Rentan
NUNUKAN,6,1.17,6.71,18.21,2.78,28.42,8.01,15.67,71.27,30.48,78.73,140,Tahan
OGAN ILIR,5,0.39,13.19,31.68,1.63,41.71,7.85,1.73,64.96,43.92,74.88,220,Agak Rentan
OGAN KOMERING ILIR,6,0.38,15.28,27.15,1.18,40.46,7.11,7.56,68.22,30.62,76.59,184,Agak Rentan
OGAN KOMERING ULU,4,2.35,12.61,28.88,0.84,38.48,8.8,1.83,67.83,33.19,66.54,319,Rentan
OGAN KOMERING ULU SELATAN,5,0.7,10.64,46.44,6.49,58.4,8.09,4.69,66.49,26.39,71.88,258,Rentan
OGAN KOMERING ULU TIMUR,6,0.18,10.57,27.97,0.43,40.94,7.68,1.5,68.65,27.16,80.49,100,Tahan
PACITAN,6,0.39,14.19,36.4,0.44,30.64,7.32,1.07,71.52,26.34,80.01,111,Tahan
PADANG LAWAS,4,1.68,8.41,46.74,7.45,51.21,8.95,4.44,66.69,42.89,66.93,312,Rentan
PADANG LAWAS UTARA,4,2.24,10.06,47.21,7.37,51.9,9.01,5.12,66.77,47.53,62.47,329,Sangat Rentan
PADANG PARIAMAN,6,0.45,8.04,39.54,1.73,39.31,7.94,1.36,68.23,26.09,79.06,128,Tahan
PAHUWATO,6,0.19,19.4,17.64,1.51,8.14,7.64,6.62,63.25,23.62,80.65,96,Tahan
PAKPAK BHARAT,4,1.06,9.74,49.05,2.67,65.32,8.24,4.74,65.27,45.58,67.04,311,Rentan
PAMEKASAN,5,1.08,14.47,48.62,0,30.02,6.45,0.31,67.22,44.12,71.1,269,Rentan
PANDEGLANG,5,0.48,9.61,50.44,0.16,58.5,6.84,2.53,64.24,39.47,71.14,266,Rentan
PANGANDARAN,6,0.35,8.12,27.75,0,30.73,7.77,1.32,70.84,32.71,82.56,54,Sangat Tahan
PANGKAJENE DAN KEPULAUAN,5,0.44,15.1,22.27,0.39,36.39,7.74,1.77,66.12,50.46,75.49,205,Agak Rentan
PANIAI,3,0.34,37.35,26.27,55.96,78.58,4.34,83.78,65.94,42.36,51.75,371,Sangat Rentan
PARIGI MOUTONG,5,0.33,17.41,30.94,3.66,40.91,7.31,3.39,63.57,33.68,73.6,239,Agak Rentan
PASAMAN,6,0.28,7.31,47.53,2.21,29.48,8,4.88,66.82,40.56,79.28,123,Tahan
PASAMAN BARAT,6,0.52,7.34,40.67,1.35,42.63,8.14,3.97,67.37,35.1,77.17,172,Agak Rentan
PASER,5,2.36,9.03,18.15,1.46,25.45,8.21,11.32,72.28,27.54,72.25,253,Rentan
PASURUAN,6,0.69,9.45,42.71,0,36.83,7.07,0.73,70.01,39.7,76.57,186,Agak Rentan
PATI,6,0.28,9.9,25.74,0,17.96,7.25,0.48,75.93,37.9,86.05,11,Sangat Tahan
PEGUNUNGAN ARFAK,1,5,35.72,64.81,68.7,74.21,5.49,59.7,66.89,35,23.4,407,Sangat Rentan
PEGUNUNGAN BINTANG,1,2.19,30.75,72,47.15,74.49,3.87,52.16,64.08,37.99,41.34,393,Sangat Rentan
PEKALONGAN,5,2.24,10.06,33.47,0,28.04,7.07,0.51,73.53,35.12,70.92,272,Rentan
PELALAWAN,5,3.01,9.73,15.51,2.2,21.52,8.67,9.23,70.74,25.51,68.62,299,Rentan
PEMALANG,6,0.63,16.04,50.67,0.16,27.24,6.35,0.45,73.11,33.68,76.87,178,Agak Rentan
PENAJAM PASER UTARA,6,0.72,7.4,11.5,0.71,15.18,7.94,4.77,71.05,31.62,84.26,24,Sangat Tahan
PENUKAL ABAB LEMATANG ILIR,5,1.26,13.81,19.75,0.42,38.54,6.4,2.27,67.88,39.5,71.72,260,Rentan
PESAWARAN,6,0.44,15.97,38.49,0.31,36.71,7.73,1.88,68.53,27.5,76.74,182,Agak Rentan
PESISIR BARAT,5,0.48,14.98,45.89,1.75,49.89,8.12,3.5,62.85,24.43,71.98,256,Rentan
PESISIR SELATAN,6,0.36,7.59,33.64,1.69,28.71,8.41,6.68,70.45,26.54,82.77,49,Sangat Tahan
PIDIE,5,0.32,20.47,49.49,0.68,40.67,8.96,1.2,66.68,36.16,73.47,240,Agak Rentan
PIDIE JAYA,6,0.3,20.17,49.76,0.99,28.96,9.03,1.37,69.81,36.8,76.81,179,Agak Rentan
PINRANG,6,0.11,8.81,26.15,0,32.65,7.95,1.04,68.98,43.59,82.03,67,Sangat Tahan
POLEWALI MANDAR,5,0.41,15.97,39.59,4.17,34,7.66,2.79,61.97,38.23,73.11,242,Agak Rentan
PONOROGO,6,0.24,10.36,32.24,0.23,19.03,7.28,0.68,72.43,30.5,84.49,23,Sangat Tahan
POSO,6,0.37,16.71,23.44,1.47,16.35,9.16,8.49,70.51,26.21,82.56,55,Sangat Tahan
PRINGSEWU,6,0.52,10.5,26.81,0.15,19.7,8.28,0.35,69.44,20.19,83.13,45,Sangat Tahan
PROBOLINGGO,5,0.82,18.71,51.18,0.21,40.86,5.83,0.78,66.71,39.9,69.04,293,Rentan
PULANG PISAU,6,0.24,4.51,34.7,0.67,44.21,7.87,14.87,67.92,32.07,80.02,110,Tahan
PULAU MOROTAI,6,0.31,7.16,30.5,1.15,42.32,7.24,9.57,66.58,36.84,78.17,150,Tahan
PULAU TALIABU,2,5,7.35,20.18,34.48,51.62,7.57,13.63,61.58,36.98,44.16,388,Sangat Rentan
PULAUAN SERIBU,3,5,11.98,67.92,0,9.49,9.67,0.05,68.27,27.12,53.29,365,Sangat Rentan
PUNCAK,1,5,38.15,96.42,100,100,1.2,42.8,65.33,26.48,12.26,415,Sangat Rentan
PUNCAK JAYA,1,5,36.27,67.18,82.42,62.05,2.54,10.88,64.65,35.4,23.69,406,Sangat Rentan
PURBALINGGA,6,0.77,15.62,30.12,0.17,23.05,7.14,0.4,72.98,28.88,79.2,126,Tahan
PURWAKARTA,6,0.84,7.99,28.81,0,37.84,7.96,0.56,70.61,41.01,77.82,155,Tahan
PURWOREJO,6,0.42,11.67,31.48,0.56,31.26,7.46,0.57,74.4,23.33,82.6,53,Sangat Tahan
RAJA AMPAT,2,5,17.8,38.48,13.14,36.93,8.5,39.13,64.42,27.55,44.02,390,Sangat Rentan
REJANG LEBONG,5,0.89,16.23,28.96,5.13,59.64,8.26,1.79,67.95,26.01,70.93,271,Rentan
REMBANG,6,0.38,15.41,26.13,0,17.16,7.02,0.72,74.39,25.73,83.7,34,Sangat Tahan
ROKAN HILIR,5,1.73,7.06,31.11,3.18,42.79,8.35,4.95,69.87,38.08,71.42,263,Rentan
ROKAN HULU,3,5,10.95,25.82,1.58,23.61,8.36,6.56,69.55,27.25,54.25,364,Sangat Rentan
ROTE NDAO,5,0.58,28.08,37.4,13.15,21.41,7.55,2.72,63.8,44.04,69.4,289,Rentan
SABU RAIJUA,2,2.23,30.83,69.03,20.27,42.47,7.11,1.39,59.53,46.5,49.8,377,Sangat Rentan
SAMBAS,5,0.72,8.55,29.54,1.85,91.08,6.12,5.01,68.5,38.95,67.98,305,Rentan
SAMOSIR,5,0.54,13.38,61.97,0.68,59.01,9.07,4.24,70.87,24.37,73.65,237,Agak Rentan
SAMPANG,5,0.66,21.21,70.62,0.23,23.58,5.02,0.64,67.79,47.93,69.58,286,Rentan
SANGGAU,5,1.29,4.67,15.32,10.61,54.3,6.74,14.55,71.05,31.88,73.63,238,Agak Rentan
SARMI,1,5,14.51,35.45,14.79,55.9,8.36,100,66,19.03,40.69,394,Sangat Rentan
SAROLANGUN,5,2.09,8.73,28.08,4.61,49.63,7.74,5.89,68.94,18.83,68.48,301,Rentan
SEKADAU,5,1.34,6.17,43.89,17.85,57.47,6.16,8.45,71.24,28.67,69.78,284,Rentan
SELUMA,4,0.81,19.6,32.95,3.67,66.46,7.97,2.92,67.14,35.9,67.55,308,Rentan
SEMARANG,6,0.85,7.29,15.77,0,15.7,7.9,0.6,75.62,24.86,85.94,12,Sangat Tahan
SERAM BAGIAN BARAT,4,2.06,25.62,22.21,10.04,38.3,9.14,6.67,61.2,33.6,60.5,341,Sangat Rentan
SERAM BAGIAN TIMUR,3,2.78,23.62,36.69,16.88,43.98,8.14,6.12,58.84,40.56,52.16,368,Sangat Rentan
SERANG,6,0.64,4.3,42.56,0.49,29.69,7.26,1.5,64.22,32.04,77.95,153,Tahan
SERDANG BEDAGAI,6,0.26,8.22,40.16,0.51,31.46,8.71,1.43,68.08,35.99,80.95,91,Tahan
SERUYAN,4,3.15,7.43,20.78,1.46,20.83,7.62,24.3,69.24,21.85,66.66,317,Rentan
SIAK,6,2.26,5.44,14.86,1.55,16.05,9.56,7.7,70.79,20.96,76.6,183,Agak Rentan
SIDENRENG RAPPANG,6,0.1,5.16,27.12,0.24,30.55,8.02,2.42,69.15,31.7,84.64,19,Sangat Tahan
SIDOARJO,6,1.68,5.69,14.03,0.09,13.59,9.93,0.09,73.82,27.05,82.05,66,Sangat Tahan
SIGI,6,0.26,12.6,31.51,7.93,47.56,8.48,5.69,69.15,43,76.56,187,Agak Rentan
SIJUNJUNG,6,0.72,7.11,35.67,3.54,29.8,8.11,6.48,65.69,35,77.35,167,Agak Rentan
SIKKA,5,0.73,13.82,36.16,17.27,27.2,6.86,2.17,66.61,32.97,74.32,229,Agak Rentan
SIMALUNGUN,6,0.38,9.31,39.27,0.44,40.42,9.31,1.64,70.75,28.43,80.6,98,Tahan
SIMEULUE,5,0.82,19.78,50.05,1.43,29.35,8.9,2.28,65,47.31,70.59,275,Rentan
SINJAI,6,0.33,9.28,18.63,4.38,26.79,7.64,0.62,66.83,42.22,80.67,94,Tahan
SINTANG,4,2.88,10.35,19.44,16.21,50.93,6.75,28.08,71.29,33.15,60.93,339,Sangat Rentan
SITUBONDO,5,0.51,11.82,51.53,0,39.57,6.11,1.51,68.73,30.66,75.34,207,Agak Rentan
SLEMAN,6,1.47,7.65,12.94,0,20.68,10.53,0.09,74.69,14.69,83.34,40,Sangat Tahan
SOLOK,6,0.4,8.88,46.2,2.7,30.14,8.39,3.95,67.95,41.46,78.6,143,Tahan
SOLOK SELATAN,6,0.37,7.07,30.87,1.64,39.64,8.57,5.49,67.21,27.72,80.13,108,Tahan
SOPPENG,6,0.13,7.5,25.44,1.4,29.34,7.87,2.43,69.02,35.54,83.39,38,Sangat Tahan
SORONG,4,1.67,30.19,27.2,3.76,50.06,8.3,16.41,65.71,32.31,60.64,340,Sangat Rentan
SORONG SELATAN,2,5,19.14,32.24,13.09,54.3,8.06,16.63,65.83,39.61,41.9,391,Sangat Rentan
SRAGEN,6,0.27,13.12,27.8,0.24,21.13,7.22,0.37,75.6,33.16,84.52,21,Sangat Tahan
SUBANG,6,0.29,8.67,39.22,0,32.9,6.84,0.88,71.92,28.64,81.81,69,Sangat Tahan
SUKABUMI,5,0.75,6.76,52.99,0.35,49.3,7.05,1.18,70.49,41.35,74.5,228,Agak Rentan
SUKAMARA,5,3.12,3.19,19,1.25,19.02,7.69,13.95,71.45,24.91,70.06,283,Rentan
SUKOHARJO,6,0.45,7.41,23,0.19,20.26,8.91,0.15,77.54,31.32,87.89,4,Sangat Tahan
SUMBA BARAT,4,0.38,28.51,54.45,27.55,46.45,6.67,2.4,66.58,47.77,64.67,325,Rentan
SUMBA BARAT DAYA,3,0.6,28.88,68.7,40.85,86.32,6.11,2.89,68.02,39.98,55.89,360,Sangat Rentan
SUMBA TENGAH,4,0.53,34.85,64.38,27.67,48.97,6.88,6.62,67.96,45.43,60.98,337,Sangat Rentan
SUMBA TIMUR,4,0.52,30.13,50.36,10.19,43.26,6.93,8.83,64.45,39.26,64.89,323,Rentan
SUMBAWA,6,0.2,14.08,37.25,0.8,21.6,7.9,2.7,66.9,31.53,80.23,105,Tahan
SUMBAWA BARAT,6,0.33,14.17,40.03,0,12.23,8.2,2.64,67.34,18.32,82.17,65,Sangat Tahan
SUMEDANG,6,0.48,9.76,31.62,0.15,31.34,8.37,0.89,72.14,32.22,81.73,71,Sangat Tahan
SUMENEP,5,0.57,20.16,51.55,0.28,21.93,5.26,0.97,70.94,34.33,74.9,218,Agak Rentan
SUPIORI,1,5,39.22,33.22,3.42,68.57,8.06,3.36,65.53,35.05,34.01,400,Sangat Rentan
TABALONG,6,0.73,5.95,29.66,0.28,30.4,8.48,5.44,70.12,39.61,80.2,107,Tahan
TABANAN,6,0.44,4.46,14.76,0,11.16,8.2,0.44,73.23,16.15,90.05,1,FALSE
TAKALAR,6,0.33,9,16.25,0,18.63,7.41,0.87,66.64,40.57,82.49,57,Sangat Tahan
TAMBRAUW,1,3.54,34.59,62.87,11.01,70.95,8.62,68.53,59.56,41.5,35.14,399,Sangat Rentan
TANA TIDUNG,5,1.99,5.08,8.61,1.79,38.17,8.07,17.48,71.35,37.57,73.11,243,Agak Rentan
TANA TORAJA,6,0.43,12.75,29.86,4.66,51.47,8.27,2.87,72.8,46.98,76.59,185,Agak Rentan
TANAH BUMBU,6,0.95,4.88,14.95,0.58,26.17,7.74,3.82,69.74,28.55,81.45,81,Tahan
TANAH DATAR,6,0.29,5.32,36.62,1.04,19.86,8.76,1.74,69.38,26.27,85.22,14,Sangat Tahan
TANAH LAUT,6,0.39,4.4,23.24,0.69,42.52,7.37,3.84,69.08,33.23,81,90,Tahan
TANGERANG,5,2.19,5.18,21.98,0,16.45,8.18,0.26,69.61,23.23,75.54,202,Agak Rentan
TANGGAMUS,6,0.77,12.48,28.17,0.43,34.33,7.32,1.44,68.04,29.87,76.55,188,Agak Rentan
TANJUNG JABUNG BARAT,5,0.9,11.1,41.64,6.81,61.18,7.87,4.07,67.87,43.99,69.54,288,Rentan
TANJUNG JABUNG TIMUR,5,0.51,12.38,33.88,2.59,74.25,6.68,6.41,65.86,40.89,68.96,294,Rentan
TAPANULI SELATAN,5,0.52,9.16,59.05,5.61,44.8,8.77,8.33,64.55,28.76,73.81,233,Agak Rentan
TAPANULI TENGAH,4,1.56,13.17,56.09,6.31,53.43,8.24,2.04,66.82,43.69,64.71,324,Rentan
TAPANULI UTARA,6,0.43,9.75,58.82,1.2,44.61,9.53,2.62,68.11,38.26,75.99,199,Agak Rentan
TAPIN,6,0.23,3.7,29.62,0.79,35.3,7.62,2.84,69.98,36.04,83.16,42,Sangat Tahan
TASIKMALAYA,5,0.52,9.85,58.3,0.07,51.69,7.31,1.19,68.96,33.8,74.11,231,Agak Rentan
TEBO,5,1.53,6.58,31.69,3.48,38.09,7.58,10.06,69.77,33.03,73.19,241,Agak Rentan
TEGAL,6,1.26,7.94,33.93,0,24.5,6.82,0.26,71.28,30.59,77.46,165,Agak Rentan
TELUK BINTUNI,1,5,31.3,24.57,4.33,32.14,8.93,8.09,60.15,28.54,41.47,392,Sangat Rentan
TELUK WONDAMA,1,5,33.32,57.46,20.28,68.75,8.88,86.68,59.53,25.27,27.34,403,Sangat Rentan
TEMANGGUNG,6,1.12,9.87,22.25,0.12,23.19,7.16,0.57,75.47,30.26,80.76,93,Tahan
TIMOR TENGAH SELATAN,4,0.58,28.06,58.47,40.32,45.99,6.39,8.79,65.91,55.96,60.97,338,Sangat Rentan
TIMOR TENGAH UTARA,5,0.5,22.31,62.31,22.4,14.55,7.52,2.65,66.45,56.76,70.49,277,Rentan
TOBA SAMOSIR,6,0.23,8.67,45.85,3.33,28.61,10.14,2.33,69.59,29.74,82.61,52,Sangat Tahan
TOJO UNA-UNA,5,0.85,18.27,32.85,5.98,17.78,8.43,5.89,64.61,26.15,74.87,221,Agak Rentan
TOLIKARA,1,5,33.14,65.63,25.01,95.98,2.77,23.35,65.3,21.31,24.98,404,Sangat Rentan
TOLITOLI,6,0.45,13.66,25.48,5.82,29.09,8.52,3.28,64.71,31.67,77.63,162,Tahan
TORAJA UTARA,6,0.39,13.37,22.89,2.85,45.77,8.09,1.02,73.09,40.7,78.8,138,Tahan
TRENGGALEK,6,0.53,12.02,36.13,0,48.88,7.6,0.72,73.35,39.89,77.08,174,Agak Rentan
TUBAN,6,0.27,15.31,37.56,0,16.93,6.71,0.95,71.01,30.76,81.45,80,Tahan
TULANG BAWANG,6,0.21,9.7,24.94,2.52,30.15,7.66,2.27,69.59,32.49,82.29,62,Sangat Tahan
TULANG BAWANG BARAT,6,0.1,8.1,20.8,0,62.24,7.02,1.08,69.56,27.2,79.28,122,Tahan
TULUNGAGUNG,6,0.56,7.27,24.61,0.11,31.13,8.33,0.47,73.74,26.17,83.94,30,Sangat Tahan
WAJO,6,0.08,7.5,20.71,1.59,25.35,6.87,3.59,66.79,32.19,83.37,39,Sangat Tahan
WAKATOBI,6,0.44,14.85,16.56,1.59,32.91,7.57,0.92,69.85,29.07,79.76,117,Tahan
WAROPEN,1,5,30.53,44.11,6.18,59.41,8.95,28.95,65.99,52.59,35.45,398,Sangat Rentan
WAY KANAN,5,0.27,13.52,37.29,0.56,72.76,7.18,1.8,68.95,36.07,72.37,250,Rentan
WONOGIRI,6,0.15,10.75,31.3,0.1,19.29,6.95,0.99,76.05,27.9,86.55,5,Sangat Tahan
WONOSOBO,6,0.8,17.58,29.85,0.12,12.68,7,0.78,71.46,31.49,78.94,134,Tahan
YAHUKIMO,1,5,39.25,68.2,94.51,87.22,3.16,42.56,65.52,34.23,16.99,412,Sangat Rentan
YALIMO,1,5,35.45,51.81,25.43,85.71,3.18,23.19,65.1,0,28.67,401,Sangat Rentan
